problem_symbol,control_option,delta_single,delta_joint,max_beliefs,num_runs,max_steps,seed_offset,ave_cum_discounted_reward,ci_discounted_reward,ave_cum_reward,ci_reward,ave_max_num_beliefs_2,ci_max_num_beliefs_2,ave_ave_num_beliefs_2,ci_ave_num_beliefs_2,max_beliefs_reached_2,percent_reached_max_2,ave_max_num_beliefs_3,ci_max_num_beliefs_3,ave_ave_num_beliefs_3,ci_ave_num_beliefs_3,max_beliefs_reached_3,percent_reached_max_3,ave_max_num_beliefs_4,ci_max_num_beliefs_4,ave_ave_num_beliefs_4,ci_ave_num_beliefs_4,max_beliefs_reached_4,percent_reached_max_4
tiger,independent,1.0e-5,1.0e-5,200,2000,50,0,-68.09039638046497,3.5424951993074125,-355.875,11.269940051388067,1.0,0.0,1.0,0.0,0.0,0.0,,,,,,,,,,,,
tiger,mpomdp,1.0e-5,1.0e-5,200,2000,50,0,59.48157456189615,0.8630178572432252,319.642,2.637273895936843,1.0,0.0,1.0,0.0,0.0,0.0,,,,,,,,,,,,
tiger,pomdp_1,1.0e-5,1.0e-5,200,2000,50,0,34.25319702231904,1.686569323445141,188.34,5.330414612719327,1.0,0.0,1.0,0.0,0.0,0.0,,,,,,,,,,,,
tiger,conflate_joint,1.0e-5,1.0e-5,200,2000,50,0,59.48157456189615,0.8630178572432252,319.642,2.637273895936843,1.0,0.0,1.0,0.0,0.0,0.0,,,,,,,,,,,,
tiger,conflate_alpha,1.0e-5,1.0e-5,200,2000,50,0,58.519763922341255,0.90394063514997,314.318,2.7690349774558616,1.558,0.025995390148148896,1.0204099999999998,0.0012696591395667358,0.0,0.0,,,,,,,,,,,,
tiger,conflate_action,1.0e-5,1.0e-5,200,2000,50,0,58.519763922341255,0.90394063514997,314.318,2.7690349774558616,1.558,0.025995390148148896,1.0204099999999998,0.0012696591395667358,0.0,0.0,,,,,,,,,,,,
tiger_3,independent,1.0e-5,1.0e-5,200,2000,50,0,-95.49754902934097,4.101018722539009,-501.77666666666676,13.354378651114512,1.0,0.0,1.0,0.0,0.0,0.0,1.0,0.0,1.0,0.0,0.0,0.0,,,,,,
tiger_3,mpomdp,1.0e-5,1.0e-5,200,2000,50,0,108.4644740484602,0.9899307414364974,579.5249999999999,3.2779675124662497,1.0,0.0,1.0,0.0,0.0,0.0,1.0,0.0,1.0,0.0,0.0,0.0,,,,,,
tiger_3,pomdp_1,1.0e-5,1.0e-5,200,2000,50,0,82.05339418185314,1.461702575955728,438.6083333333333,4.930704687237441,1.0,0.0,1.0,0.0,0.0,0.0,1.0,0.0,1.0,0.0,0.0,0.0,,,,,,
tiger_3,conflate_joint,1.0e-5,1.0e-5,200,2000,50,0,108.4644740484602,0.9899307414364974,579.5249999999999,3.2779675124662497,1.0,0.0,1.0,0.0,0.0,0.0,1.0,0.0,1.0,0.0,0.0,0.0,,,,,,
tiger_3,conflate_alpha,1.0e-5,1.0e-5,200,2000,50,0,108.4644740484602,0.9899307414364974,579.5249999999999,3.2779675124662497,1.0,0.0,1.0,0.0,0.0,0.0,1.0,0.0,1.0,0.0,0.0,0.0,,,,,,
tiger_3,conflate_action,1.0e-5,1.0e-5,200,2000,50,0,108.4644740484602,0.9899307414364974,579.5249999999999,3.2779675124662497,1.0,0.0,1.0,0.0,0.0,0.0,1.0,0.0,1.0,0.0,0.0,0.0,,,,,,
tiger_4,independent,1.0e-5,1.0e-5,200,2000,50,0,-121.3887364050538,4.4468908064711705,-637.6091666666667,14.297009682403127,1.0,0.0,1.0,0.0,0.0,0.0,1.0,0.0,1.0,0.0,0.0,0.0,1.0,0.0,1.0,0.0,0.0,0.0
tiger_4,mpomdp,1.0e-5,1.0e-5,200,2000,50,0,153.01472877710503,0.6612741025498685,813.8145,2.197768559087023,1.0,0.0,1.0,0.0,0.0,0.0,1.0,0.0,1.0,0.0,0.0,0.0,1.0,0.0,1.0,0.0,0.0,0.0
tiger_4,pomdp_1,1.0e-5,1.0e-5,200,2000,50,0,121.33031445176186,1.5196929404987665,650.075,5.0428049949019735,1.0,0.0,1.0,0.0,0.0,0.0,1.0,0.0,1.0,0.0,0.0,0.0,1.0,0.0,1.0,0.0,0.0,0.0
tiger_4,conflate_joint,1.0e-5,1.0e-5,200,2000,50,0,153.01472877710503,0.6612741025498685,813.8145,2.197768559087023,1.0,0.0,1.0,0.0,0.0,0.0,1.0,0.0,1.0,0.0,0.0,0.0,1.0,0.0,1.0,0.0,0.0,0.0
tiger_4,conflate_alpha,1.0e-5,1.0e-5,200,2000,50,0,152.82251117174445,0.6824127922105199,812.9435,2.2408206870256047,1.1025,0.01343999671710816,1.00236,0.0003327940027165789,0.0,0.0,1.1005,0.013253243528737258,1.0022999999999997,0.00033012582378506096,0.0,0.0,1.0995,0.013122091847233182,1.0022099999999998,0.000306601798839351,0.0,0.0
tiger_4,conflate_action,1.0e-5,1.0e-5,200,2000,50,0,152.82251117174445,0.6824127922105199,812.9435,2.2408206870256047,1.1025,0.01343999671710816,1.00236,0.0003327940027165789,0.0,0.0,1.1005,0.013253243528737258,1.0022999999999997,0.00033012582378506096,0.0,0.0,1.0995,0.013122091847233182,1.0022099999999998,0.000306601798839351,0.0,0.0
broadcast,independent,1.0e-5,1.0e-5,200,2000,50,0,7.605505814828235,0.05121577144657444,34.304,0.20763425569801724,1.0,0.0,1.0,0.0,0.0,0.0,,,,,,,,,,,,
broadcast,mpomdp,1.0e-5,1.0e-5,200,2000,50,0,9.388219329098936,0.024827916282838113,47.4165,0.08127204608558505,1.0,0.0,1.0,0.0,0.0,0.0,,,,,,,,,,,,
broadcast,pomdp_1,1.0e-5,1.0e-5,200,2000,50,0,9.388219329098936,0.024827916282838113,47.4165,0.08127204608558505,1.0,0.0,1.0,0.0,0.0,0.0,,,,,,,,,,,,
broadcast,conflate_joint,1.0e-5,1.0e-5,200,2000,50,0,9.388219329098936,0.024827916282838113,47.4165,0.08127204608558505,1.0,0.0,1.0,0.0,0.0,0.0,,,,,,,,,,,,
broadcast,conflate_alpha,1.0e-5,1.0e-5,200,2000,50,0,9.385761022358674,0.024816589743451366,47.406,0.0811198152328499,1.966,0.007944703541176254,1.0458800000000006,0.001012859889154236,0.0,0.0,,,,,,,,,,,,
broadcast,conflate_action,1.0e-5,1.0e-5,200,2000,50,0,9.385761022358674,0.024816589743451366,47.406,0.0811198152328499,1.966,0.007944703541176254,1.0458800000000006,0.001012859889154236,0.0,0.0,,,,,,,,,,,,
broadcast_dp_wp_3,independent,1.0e-5,1.0e-5,200,2000,50,0,-0.6264193645362264,0.0886632089490142,-15.407500000000002,0.18718258724433673,1.0,0.0,1.0,0.0,0.0,0.0,1.0,0.0,1.0,0.0,0.0,0.0,,,,,,
broadcast_dp_wp_3,mpomdp,1.0e-5,1.0e-5,200,2000,50,0,6.646604109039383,0.03525615878720228,33.55160000000001,0.114249804234562,1.0,0.0,1.0,0.0,0.0,0.0,1.0,0.0,1.0,0.0,0.0,0.0,,,,,,
broadcast_dp_wp_3,pomdp_1,1.0e-5,1.0e-5,200,2000,50,0,5.53722131385721,0.0442980637490537,27.949000000000005,0.1428294735986387,1.0,0.0,1.0,0.0,0.0,0.0,1.0,0.0,1.0,0.0,0.0,0.0,,,,,,
broadcast_dp_wp_3,conflate_joint,1.0e-5,1.0e-5,200,2000,50,0,6.646604109039383,0.03525615878720228,33.55160000000001,0.114249804234562,1.0,0.0,1.0,0.0,0.0,0.0,1.0,0.0,1.0,0.0,0.0,0.0,,,,,,
broadcast_dp_wp_3,conflate_alpha,1.0e-5,1.0e-5,200,2000,50,0,6.646604109039383,0.03525615878720228,33.55160000000001,0.114249804234562,1.0,0.0,1.0,0.0,0.0,0.0,1.0,0.0,1.0,0.0,0.0,0.0,,,,,,
broadcast_dp_wp_3,conflate_action,1.0e-5,1.0e-5,200,2000,50,0,6.646604109039383,0.03525615878720228,33.55160000000001,0.114249804234562,1.0,0.0,1.0,0.0,0.0,0.0,1.0,0.0,1.0,0.0,0.0,0.0,,,,,,
joint_meet_2x2,independent,1.0e-5,1.0e-5,200,2000,50,0,1.7092273524079022,0.05445292358869195,10.5345,0.4527391391650007,1.0,0.0,1.0,0.0,0.0,0.0,,,,,,,,,,,,
joint_meet_2x2,mpomdp,1.0e-5,1.0e-5,200,2000,50,0,6.354477919961392,0.12859756589353505,38.381,0.8066742209842834,1.0,0.0,1.0,0.0,0.0,0.0,,,,,,,,,,,,
joint_meet_2x2,pomdp_1,1.0e-5,1.0e-5,200,2000,50,0,5.9114058216781125,0.10983837110588081,38.7935,0.744869995651194,1.0,0.0,1.0,0.0,0.0,0.0,,,,,,,,,,,,
joint_meet_2x2,conflate_joint,1.0e-5,1.0e-5,200,2000,50,0,6.063700753391509,0.15572535339378094,35.6945,0.9155763809264932,1.0,0.0,1.0,0.0,0.0,0.0,,,,,,,,,,,,
joint_meet_2x2,conflate_alpha,1.0e-5,1.0e-5,200,2000,50,0,6.063700753391509,0.15572535339378094,35.6945,0.9155763809264932,1.0,0.0,1.0,0.0,0.0,0.0,,,,,,,,,,,,
joint_meet_2x2,conflate_action,1.0e-5,1.0e-5,200,2000,50,0,6.063700753391509,0.15572535339378094,35.6945,0.9155763809264932,1.0,0.0,1.0,0.0,0.0,0.0,,,,,,,,,,,,
joint_meet_2x2_13,independent,1.0e-5,1.0e-5,200,2000,50,0,2.302635413155647,0.09178159870372338,12.2785,0.6485000124620522,1.0,0.0,1.0,0.0,0.0,0.0,,,,,,,,,,,,
joint_meet_2x2_13,mpomdp,1.0e-5,1.0e-5,200,2000,50,0,6.890370277802139,0.12507909608224332,39.801,0.7778025824255237,1.0,0.0,1.0,0.0,0.0,0.0,,,,,,,,,,,,
joint_meet_2x2_13,pomdp_1,1.0e-5,1.0e-5,200,2000,50,0,6.831100382714298,0.12552011947656044,39.721,0.7766958349426166,1.0,0.0,1.0,0.0,0.0,0.0,,,,,,,,,,,,
joint_meet_2x2_13,conflate_joint,1.0e-5,1.0e-5,200,2000,50,0,6.787500406198791,0.14768547626105621,38.537,0.8524183713204933,1.0,0.0,1.0,0.0,0.0,0.0,,,,,,,,,,,,
joint_meet_2x2_13,conflate_alpha,1.0e-5,1.0e-5,200,2000,50,0,6.787500406198791,0.14768547626105621,38.537,0.8524183713204933,1.0,0.0,1.0,0.0,0.0,0.0,,,,,,,,,,,,
joint_meet_2x2_13,conflate_action,1.0e-5,1.0e-5,200,2000,50,0,6.787500406198791,0.14768547626105621,38.537,0.8524183713204933,1.0,0.0,1.0,0.0,0.0,0.0,,,,,,,,,,,,
joint_meet_3x3,independent,1.0e-5,1.0e-5,200,2000,50,0,3.712963734764686,0.13185035540029935,28.353,0.9482992457882592,1.0,0.0,1.0,0.0,0.0,0.0,,,,,,,,,,,,
joint_meet_3x3,mpomdp,1.0e-5,1.0e-5,200,2000,50,0,5.846372684323216,0.06888871427952964,44.5555,0.13617237794081818,1.0,0.0,1.0,0.0,0.0,0.0,,,,,,,,,,,,
joint_meet_3x3,pomdp_1,1.0e-5,1.0e-5,200,2000,50,0,3.588795695285584,0.07365812149331995,25.5635,0.30692150928312323,1.0,0.0,1.0,0.0,0.0,0.0,,,,,,,,,,,,
joint_meet_3x3,conflate_joint,1.0e-5,1.0e-5,200,2000,50,0,5.846372684323216,0.06888871427952964,44.5555,0.13617237794081818,1.0,0.0,1.0,0.0,0.0,0.0,,,,,,,,,,,,
joint_meet_3x3,conflate_alpha,1.0e-5,1.0e-5,200,2000,50,0,5.846372684323216,0.06888871427952964,44.5555,0.13617237794081818,1.0,0.0,1.0,0.0,0.0,0.0,,,,,,,,,,,,
joint_meet_3x3,conflate_action,1.0e-5,1.0e-5,200,2000,50,0,5.710229667583602,0.07625122848769231,43.9565,0.2279005868903203,2.5265,0.03146869965106382,1.1045999999999996,0.011267894093869333,0.0,0.0,,,,,,,,,,,,
joint_meet_2x2_ui_wp,independent,1.0e-5,1.0e-5,200,2000,50,0,3.5131243819227937,0.18316126278620987,19.46794999999999,1.0393550106737084,1.0,0.0,1.0,0.0,0.0,0.0,,,,,,,,,,,,
joint_meet_2x2_ui_wp,mpomdp,1.0e-5,1.0e-5,200,2000,50,0,5.819093546981885,0.15362680907842355,34.80695,0.9210901125092155,1.0,0.0,1.0,0.0,0.0,0.0,,,,,,,,,,,,
joint_meet_2x2_ui_wp,pomdp_1,1.0e-5,1.0e-5,200,2000,50,0,4.505293195814289,0.15934391231225553,26.13014999999998,1.019199996207671,1.0,0.0,1.0,0.0,0.0,0.0,,,,,,,,,,,,
joint_meet_2x2_ui_wp,conflate_joint,1.0e-5,1.0e-5,200,2000,50,0,5.299462405192567,0.18375782999593968,30.10680000000004,1.0290655401932443,1.0,0.0,1.0,0.0,0.0,0.0,,,,,,,,,,,,
joint_meet_2x2_ui_wp,conflate_alpha,1.0e-5,1.0e-5,200,2000,50,0,5.299462405192567,0.18375782999593968,30.10680000000004,1.0290655401932443,1.0,0.0,1.0,0.0,0.0,0.0,,,,,,,,,,,,
joint_meet_2x2_ui_wp,conflate_action,1.0e-5,1.0e-5,200,2000,50,0,5.299462405192567,0.18375782999593968,30.10680000000004,1.0290655401932443,1.0,0.0,1.0,0.0,0.0,0.0,,,,,,,,,,,,
box_push,independent,1.0e-5,1.0e-5,200,2000,50,0,163.55107198599842,3.3790677364421224,683.9462999999998,19.516110706499123,1.0,0.0,1.0,0.0,0.0,0.0,,,,,,,,,,,,
box_push,mpomdp,1.0e-5,1.0e-5,200,2000,50,0,222.9499176291679,2.1591144295762477,1206.0771999999995,7.552490023154626,1.0,0.0,1.0,0.0,0.0,0.0,,,,,,,,,,,,
box_push,pomdp_1,1.0e-5,1.0e-5,200,2000,50,0,199.6420437982495,2.553457985187891,1071.5509999999992,8.7499731840796,1.0,0.0,1.0,0.0,0.0,0.0,,,,,,,,,,,,
box_push,conflate_joint,1.0e-5,1.0e-5,200,2000,50,0,223.37380278203125,2.139696313979384,1210.7264999999995,7.5588687719892445,1.0,0.0,1.0,0.0,0.0,0.0,,,,,,,,,,,,
box_push,conflate_alpha,1.0e-5,1.0e-5,200,2000,50,0,223.37380278203125,2.139696313979384,1210.7264999999995,7.5588687719892445,1.0,0.0,1.0,0.0,0.0,0.0,,,,,,,,,,,,
box_push,conflate_action,1.0e-5,1.0e-5,200,2000,50,0,222.96856101126184,2.158090620999045,1206.1111999999991,7.6940227818775515,1.5235,0.021938566237205942,1.01497,0.0008235215146689021,0.0,0.0,,,,,,,,,,,,
stochastic_mars,independent,1.0e-5,1.0e-5,200,2000,50,0,25.95133400137252,0.19972296881331733,124.18650000000001,0.7897979882560648,1.0,0.0,1.0,0.0,0.0,0.0,,,,,,,,,,,,
stochastic_mars,mpomdp,1.0e-5,1.0e-5,200,2000,50,0,28.992165554277125,0.0715806955682571,144.19755000000004,0.2473801056769532,1.0,0.0,1.0,0.0,0.0,0.0,,,,,,,,,,,,
stochastic_mars,pomdp_1,1.0e-5,1.0e-5,200,2000,50,0,24.381994575577078,0.26534164307172764,116.85190000000003,0.965314923881863,1.0,0.0,1.0,0.0,0.0,0.0,,,,,,,,,,,,
stochastic_mars,conflate_joint,1.0e-5,1.0e-5,200,2000,50,0,28.992165554277125,0.0715806955682571,144.19755000000004,0.2473801056769532,1.0,0.0,1.0,0.0,0.0,0.0,,,,,,,,,,,,
stochastic_mars,conflate_alpha,1.0e-5,1.0e-5,200,2000,50,0,28.992165554277125,0.0715806955682571,144.19755000000004,0.2473801056769532,1.0,0.0,1.0,0.0,0.0,0.0,,,,,,,,,,,,
stochastic_mars,conflate_action,1.0e-5,1.0e-5,200,2000,50,0,28.992165554277125,0.0715806955682571,144.19755000000004,0.2473801056769532,1.0,0.0,1.0,0.0,0.0,0.0,,,,,,,,,,,,
stochastic_mars_ui,independent,1.0e-5,1.0e-5,200,2000,50,0,15.329195167150058,0.17523617472822953,73.58505000000002,0.6671676011531227,1.0,0.0,1.0,0.0,0.0,0.0,,,,,,,,,,,,
stochastic_mars_ui,mpomdp,1.0e-5,1.0e-5,200,2000,50,0,23.90613683052332,0.08610947804857931,123.56989999999996,0.2521992662061677,1.0,0.0,1.0,0.0,0.0,0.0,,,,,,,,,,,,
stochastic_mars_ui,pomdp_1,1.0e-5,1.0e-5,200,2000,50,0,16.39373747616313,0.17879264620554172,82.30295,0.6921891815651094,1.0,0.0,1.0,0.0,0.0,0.0,,,,,,,,,,,,
stochastic_mars_ui,conflate_joint,1.0e-5,1.0e-5,200,2000,50,0,23.90613683052332,0.08610947804857931,123.56989999999996,0.2521992662061677,1.0,0.0,1.0,0.0,0.0,0.0,,,,,,,,,,,,
stochastic_mars_ui,conflate_alpha,1.0e-5,1.0e-5,200,2000,50,0,23.90613683052332,0.08610947804857931,123.56989999999996,0.2521992662061677,1.0,0.0,1.0,0.0,0.0,0.0,,,,,,,,,,,,
stochastic_mars_ui,conflate_action,1.0e-5,1.0e-5,200,2000,50,0,19.81786921098239,0.2427060449327256,98.01305000000002,0.9108908459665135,2.0045,0.002934111160837653,1.24448,0.0011360102619860752,0.0,0.0,,,,,,,,,,,,
joint_meet_3x3_ag_ui_wp,independent,1.0e-5,1.0e-5,200,2000,50,0,2.763785422415161,0.13657877614315328,20.593700000000027,0.9686082056081468,1.0,0.0,1.0,0.0,0.0,0.0,,,,,,,,,,,,
joint_meet_3x3_ag_ui_wp,mpomdp,1.0e-5,1.0e-5,200,2000,50,0,7.288626299187436,0.05930286874538693,46.88894999999998,0.08426063762543289,1.0,0.0,1.0,0.0,0.0,0.0,,,,,,,,,,,,
joint_meet_3x3_ag_ui_wp,pomdp_1,1.0e-5,1.0e-5,200,2000,50,0,3.505311864878683,0.10642432088936722,25.016,0.9000935760119548,1.0,0.0,1.0,0.0,0.0,0.0,,,,,,,,,,,,
joint_meet_3x3_ag_ui_wp,conflate_joint,1.0e-5,1.0e-5,200,2000,50,0,7.288626299187436,0.05930286874538693,46.88894999999998,0.08426063762543289,1.0,0.0,1.0,0.0,0.0,0.0,,,,,,,,,,,,
joint_meet_3x3_ag_ui_wp,conflate_alpha,1.0e-5,1.0e-5,200,2000,50,0,7.288626299187436,0.05930286874538693,46.88894999999998,0.08426063762543289,1.0,0.0,1.0,0.0,0.0,0.0,,,,,,,,,,,,
joint_meet_3x3_ag_ui_wp,conflate_action,1.0e-5,1.0e-5,200,2000,50,0,7.094112042152201,0.07429068431194195,45.62714999999999,0.33440385096298075,1.229,0.018420211163003675,1.0551799999999998,0.009341932966032824,0.0,0.0,,,,,,,,,,,,
stochastic_mars_ui_3,independent,1.0e-5,1.0e-5,200,2000,50,0,16.61921199282763,0.14217481331266266,79.4081,0.44036136783720464,1.0,0.0,1.0,0.0,0.0,0.0,1.0,0.0,1.0,0.0,0.0,0.0,,,,,,
stochastic_mars_ui_3,mpomdp,1.0e-5,1.0e-5,200,2000,50,0,25.1695100605987,0.06993126337800697,128.20649999999998,0.19102533742404176,1.0,0.0,1.0,0.0,0.0,0.0,1.0,0.0,1.0,0.0,0.0,0.0,,,,,,
stochastic_mars_ui_3,pomdp_1,1.0e-5,1.0e-5,200,2000,50,0,19.71415322903729,0.11230449215326228,102.197,0.4040587890410263,1.0,0.0,1.0,0.0,0.0,0.0,1.0,0.0,1.0,0.0,0.0,0.0,,,,,,
stochastic_mars_ui_3,conflate_joint,1.0e-5,1.0e-5,200,2000,50,0,25.1695100605987,0.06993126337800697,128.20649999999998,0.19102533742404176,1.0,0.0,1.0,0.0,0.0,0.0,1.0,0.0,1.0,0.0,0.0,0.0,,,,,,
stochastic_mars_ui_3,conflate_alpha,1.0e-5,1.0e-5,200,2000,50,0,25.16822355731494,0.06998385394990915,128.17199999999997,0.19564054622818924,1.0185,0.005907186608429894,1.00037,0.00011814373216859795,0.0,0.0,1.005,0.003092047926567458,1.0001,6.184095853134915e-5,0.0,0.0,,,,,,
stochastic_mars_ui_3,conflate_action,1.0e-5,1.0e-5,200,2000,50,0,23.753918452477134,0.15022626195692412,120.08005000000001,0.5218257331031717,1.0805,0.011926787494122829,1.00176,0.0002776098404807833,0.0,0.0,2.0,0.0,1.2148800000000002,0.0013398810921684732,0.0,0.0,,,,,,
stochastic_mars_5g_ui,independent,1.0e-5,1.0e-5,200,2000,50,0,13.113302344507126,0.16376685701338828,58.395349999999986,0.7894019239616017,1.0,0.0,1.0,0.0,0.0,0.0,,,,,,,,,,,,
stochastic_mars_5g_ui,mpomdp,1.0e-5,1.0e-5,200,2000,50,0,20.658068829031446,0.07308067190906829,106.34895,0.23390389302853626,1.0,0.0,1.0,0.0,0.0,0.0,,,,,,,,,,,,
stochastic_mars_5g_ui,pomdp_1,1.0e-5,1.0e-5,200,2000,50,0,14.849803689511171,0.09959895705546004,74.23219999999998,0.3771102959790344,1.0,0.0,1.0,0.0,0.0,0.0,,,,,,,,,,,,
stochastic_mars_5g_ui,conflate_joint,1.0e-5,1.0e-5,200,2000,50,0,20.658068829031446,0.07308067190906829,106.34895,0.23390389302853626,1.0,0.0,1.0,0.0,0.0,0.0,,,,,,,,,,,,
stochastic_mars_5g_ui,conflate_alpha,1.0e-5,1.0e-5,200,2000,50,0,20.651817301872033,0.07334261588589694,106.29575,0.23719795221674633,1.042,0.008793404959706604,1.00087,0.0001851760555951632,0.0,0.0,,,,,,,,,,,,
stochastic_mars_5g_ui,conflate_action,1.0e-5,1.0e-5,200,2000,50,0,17.97021444820707,0.1981052019729075,89.04864999999998,0.7993413613853297,2.999,0.001960000000000004,1.1990200000000004,0.002229552151235207,0.0,0.0,,,,,,,,,,,,
joint_meet_3x3_ag_ui_wp_3,independent,1.0e-5,1.0e-5,200,2000,50,0,1.6615599032060289,0.12033250596213987,13.609250000000005,0.8951560174245133,1.0,0.0,1.0,0.0,0.0,0.0,1.0,0.0,1.0,0.0,0.0,0.0,,,,,,
joint_meet_3x3_ag_ui_wp_3,mpomdp,1.0e-5,1.0e-5,200,2000,50,0,6.417099450893654,0.059727927689276705,45.612,0.10184605929881309,1.0,0.0,1.0,0.0,0.0,0.0,1.0,0.0,1.0,0.0,0.0,0.0,,,,,,
joint_meet_3x3_ag_ui_wp_3,pomdp_1,1.0e-5,1.0e-5,200,2000,50,0,1.034278401398089,0.0924676864513357,11.144950000000001,0.8227041246992729,1.0,0.0,1.0,0.0,0.0,0.0,1.0,0.0,1.0,0.0,0.0,0.0,,,,,,
joint_meet_3x3_ag_ui_wp_3,conflate_joint,1.0e-5,1.0e-5,200,2000,50,0,6.417099450893654,0.059727927689276705,45.612,0.10184605929881309,1.0,0.0,1.0,0.0,0.0,0.0,1.0,0.0,1.0,0.0,0.0,0.0,,,,,,
joint_meet_3x3_ag_ui_wp_3,conflate_alpha,1.0e-5,1.0e-5,200,2000,50,0,6.416692515625413,0.05975725797255215,45.610949999999995,0.10194497207780262,1.003,0.0023974959423107914,1.00049,0.0008261551925159466,0.0,0.0,1.003,0.002769430929602135,1.00049,0.0007732883830639706,0.0,0.0,,,,,,
joint_meet_3x3_ag_ui_wp_3,conflate_action,1.0e-5,1.0e-5,200,2000,50,0,6.1515553388726865,0.0734384548178242,44.35189999999999,0.31420773298511584,1.3315,0.02181382331559103,1.0505399999999998,0.009436671234959833,0.0,0.0,1.3295,0.02169553898860323,1.0404499999999999,0.00822027683680038,0.0,0.0,,,,,,
box_push_so,independent,1.0e-5,1.0e-5,200,2000,50,0,138.52161609167354,3.8140605415460853,444.2775999999997,20.385072891045283,1.0,0.0,1.0,0.0,0.0,0.0,,,,,,,,,,,,
box_push_so,mpomdp,1.0e-5,1.0e-5,200,2000,50,0,204.31813090254622,2.453419848922146,1096.7673999999995,8.419694828660857,1.0,0.0,1.0,0.0,0.0,0.0,,,,,,,,,,,,
box_push_so,pomdp_1,1.0e-5,1.0e-5,200,2000,50,0,178.81226878954345,2.7422539393707837,924.0059999999999,9.87487541963379,1.0,0.0,1.0,0.0,0.0,0.0,,,,,,,,,,,,
box_push_so,conflate_joint,1.0e-5,1.0e-5,200,2000,50,0,203.3645287735491,2.476594784153624,1090.4449999999995,8.444510084731823,1.0,0.0,1.0,0.0,0.0,0.0,,,,,,,,,,,,
box_push_so,conflate_alpha,1.0e-5,1.0e-5,200,2000,50,0,203.2348401501238,2.474636464145419,1088.7024999999996,8.461381536810086,4.8335,0.12635490605173066,1.7994199999999996,0.01907070610749899,0.0,0.0,,,,,,,,,,,,
box_push_so,conflate_action,1.0e-5,1.0e-5,200,2000,50,0,199.7703291721647,2.5494104399697703,1061.5696999999998,8.846133333782173,192.1375,1.1837956902240763,77.98051999999998,1.558122092324035,1755.0,87.75,,,,,,,,,,,,
wireless,independent,1.0e-5,1.0e-5,200,2000,450,0,-219.7507190737105,3.890549886099228,-1001.7665,12.188845758878442,1.0,0.0,1.0,0.0,0.0,0.0,,,,,,,,,,,,
wireless,mpomdp,1.0e-5,1.0e-5,200,2000,450,0,-152.77145603630606,2.3495211527234554,-691.852,7.262450471364421,1.0,0.0,1.0,0.0,0.0,0.0,,,,,,,,,,,,
wireless,pomdp_1,1.0e-5,1.0e-5,200,2000,450,0,-152.77145603630606,2.3495211527234554,-691.852,7.262450471364421,1.0,0.0,1.0,0.0,0.0,0.0,,,,,,,,,,,,
wireless,conflate_joint,1.0e-5,1.0e-5,200,2000,450,0,-152.77145603630606,2.3495211527234554,-691.852,7.262450471364421,1.0,0.0,1.0,0.0,0.0,0.0,,,,,,,,,,,,
wireless,conflate_alpha,1.0e-5,1.0e-5,200,2000,450,0,-152.77145603630606,2.3495211527234554,-691.852,7.262450471364421,1.0,0.0,1.0,0.0,0.0,0.0,,,,,,,,,,,,
wireless,conflate_action,1.0e-5,1.0e-5,200,2000,450,0,-153.0245167562643,2.3543260401481048,-693.2195,7.28336474621373,18.035,0.9115560216521555,3.488045555555556,0.11544715730043255,0.0,0.0,,,,,,,,,,,,
wireless_wp,independent,1.0e-5,1.0e-5,200,2000,450,0,-240.15934331619692,4.1241951657665865,-1093.8010000000027,12.919487605314163,1.0,0.0,1.0,0.0,0.0,0.0,,,,,,,,,,,,
wireless_wp,mpomdp,1.0e-5,1.0e-5,200,2000,450,0,-165.7765874873856,2.4335217423199564,-750.7601000000027,7.601141192246669,1.0,0.0,1.0,0.0,0.0,0.0,,,,,,,,,,,,
wireless_wp,pomdp_1,1.0e-5,1.0e-5,200,2000,450,0,-172.3542521635087,2.349521152723459,-781.6520000000047,7.2624504713645655,1.0,0.0,1.0,0.0,0.0,0.0,,,,,,,,,,,,
wireless_wp,conflate_joint,1.0e-5,1.0e-5,200,2000,450,0,-166.48284344342431,2.431868104769392,-753.7678000000026,7.591888193359651,1.0,0.0,1.0,0.0,0.0,0.0,,,,,,,,,,,,
wireless_wp,conflate_alpha,1.0e-5,1.0e-5,200,2000,450,0,-166.48284344342431,2.431868104769392,-753.7678000000026,7.591888193359651,1.0,0.0,1.0,0.0,0.0,0.0,,,,,,,,,,,,
wireless_wp,conflate_action,1.0e-5,1.0e-5,200,2000,450,0,-166.48284344342431,2.431868104769392,-753.7678000000026,7.591888193359651,1.0,0.0,1.0,0.0,0.0,0.0,,,,,,,,,,,,
joint_meet_19_lr_ui_wp,independent,1.0e-5,1.0e-5,200,2000,50,0,0.5986780481305529,0.0797618673576639,6.242949999999999,0.6560758362528645,1.0,0.0,1.0,0.0,0.0,0.0,,,,,,,,,,,,
joint_meet_19_lr_ui_wp,mpomdp,1.0e-5,1.0e-5,200,2000,50,0,2.208893810022079,0.1124104139507731,23.3236,0.8666365906337815,1.0,0.0,1.0,0.0,0.0,0.0,,,,,,,,,,,,
joint_meet_19_lr_ui_wp,pomdp_1,1.0e-5,1.0e-5,200,2000,50,0,0.6279534239141822,0.08953791547964748,6.187599999999999,0.6766934772205568,1.0,0.0,1.0,0.0,0.0,0.0,,,,,,,,,,,,
joint_meet_19_lr_ui_wp,conflate_joint,1.0e-5,1.0e-5,200,2000,50,0,2.0695150892987977,0.11540200332061683,21.0164,0.8902770283182688,1.0,0.0,1.0,0.0,0.0,0.0,,,,,,,,,,,,
joint_meet_19_lr_ui_wp,conflate_alpha,1.0e-5,1.0e-5,200,2000,50,0,1.987559293038746,0.11264884718273793,20.47085,0.888173745979099,1.5415,0.049388746960853144,1.0432100000000004,0.022504868764864672,0.0,0.0,,,,,,,,,,,,
joint_meet_19_lr_ui_wp,conflate_action,1.0e-5,1.0e-5,200,2000,50,0,1.6228406572272984,0.10437910968021281,18.746750000000002,0.8608480021100813,16.751,1.637195362810194,4.876140000000001,0.5349970162567171,64.0,3.2,,,,,,,,,,,,